year,survey_date,Event,sea_ice_thickness_m,air_temp_2m_c,platelet_thickness_m,total_ice_m
2010,2010-05-25 12:30:00,ATKA00,2.1,-27.5,,
2010,2010-06-10 11:00:00,ATKA04,0.62,-19.6,,
2010,2010-06-10 12:37:00,ATKA08,0.41,,,
2010,2010-06-10 13:37:00,ATKA12,0.58,-15.8,,
2010,2010-06-10 14:16:00,ATKA14,0.32,-15.8,,
2010,2010-07-02 09:45:00,ATKA00,1.95,-37.8,,
2010,2010-08-19 10:48:00,ATKA03,1.37,-26.1,,
2010,2010-08-19 12:57:00,ATKA07,1.22,-24.4,,
2010,2010-08-19 14:33:00,ATKA11,0.98,-26.3,,
2010,2010-08-19 15:47:00,ATKA17,0.61,-26.4,,
2010,2010-08-19 12:36:00,ATKA21,0.7,-30.8,,
2010,2010-08-19 13:30:00,ATKA24,0.73,-30.6,,
2010,2010-09-04 10:04:00,ATKA03,1.38,-22.6,,
2010,2010-09-04 11:25:00,ATKA07,1.38,-22.0,,
2010,2010-09-04 12:42:00,ATKA11,1.11,-20.6,,
2010,2010-09-04 13:53:00,ATKA16,0.79,-22.3,,
2010,2010-09-04 15:00:00,ATKA21,0.75,-22.2,,
2010,2010-09-04 15:59:00,ATKA24,0.83,-22.1,,
2010,2010-09-21 09:33:00,ATKA03,1.46,-24.0,,
2010,2010-09-21 10:37:00,ATKA07,1.58,-21.5,,
2010,2010-09-21 11:23:00,ATKA11,1.3,-20.8,,
2010,2010-09-21 12:12:00,ATKA16,0.93,-20.5,,
2010,2010-09-21 13:17:00,ATKA21,1.03,-20.2,,
2010,2010-09-21 14:30:00,ATKA24,0.96,-18.5,,
2010,2010-10-16 09:45:00,ATKA03,1.7,-16.2,,
2010,2010-10-16 10:50:00,ATKA07,1.67,-14.3,,
2010,2010-10-16 12:05:00,ATKA11,1.47,-12.7,,
2010,2010-10-16 13:05:00,ATKA17,1.11,-10.9,,
2010,2010-10-16 14:25:00,ATKA21,1.05,-10.3,,
2010,2010-10-16 15:35:00,ATKA24,1.1,-10.9,,
2010,2010-11-06 09:50:00,ATKA03,1.69,-11.7,,
2010,2010-11-06 11:00:00,ATKA07,1.76,-10.2,,
2010,2010-11-06 13:40:00,ATKA11,1.57,-8.2,,
2010,2010-11-06 13:40:00,ATKA16,1.19,-7.6,,
2010,2010-11-06 15:00:00,ATKA21,1.1,-6.4,,
2010,2010-11-06 16:35:00,ATKA24,1.25,-7.6,,
2010,2010-11-27 08:30:00,ATKA03,1.5,-8.0,,
2010,2010-11-27 09:15:00,ATKA07,1.78,-7.3,,
2010,2010-11-27 09:55:00,ATKA11,1.64,-6.2,,
2010,2010-11-27 10:45:00,ATKA16,1.16,-6.0,,
2010,2010-11-27 11:25:00,ATKA21,1.15,-6.5,,
2010,2010-11-27 12:05:00,ATKA24,1.3,-6.3,,
2010,2010-12-12 08:55:00,ATKA03,1.72,-3.2,,
2010,2010-12-12 10:10:00,ATKA07,1.81,-2.1,,
2011,2011-06-06 12:00:00,ATKA03,0.85,,,
2011,2011-06-06 13:13:00,ATKA07,0.98,-29.6,,
2011,2011-06-06 13:50:00,ATKA11,0.92,-30.3,,
2011,2011-06-06 14:33:00,ATKA16,0.75,-31.7,,
2011,2011-06-06 15:10:00,ATKA21,0.67,-31.6,,
2011,2011-06-06 15:54:00,ATKA24,0.52,-31.6,,
2011,2011-07-01 12:45:00,ATKA03,1.05,-6.8,,
2011,2011-07-01 13:15:00,ATKA07,1.45,-6.5,,
2011,2011-07-01 13:45:00,ATKA11,1.06,-6.4,,
2011,2011-07-01 14:10:00,ATKA16,1.05,-6.4,,
2011,2011-07-01 14:40:00,ATKA21,0.92,-6.5,,
2011,2011-07-01 15:05:00,ATKA24,0.75,-6.6,,
2011,2011-08-04 00:00:00,ATKA03,1.22,-23.6,,
2011,2011-08-04 00:00:00,ATKA07,1.65,-23.6,,
2011,2011-08-04 00:00:00,ATKA11,1.23,-23.6,,
2011,2011-08-04 00:00:00,ATKA16,1.3,-23.2,,
2011,2011-08-04 00:00:00,ATKA21,1.15,-23.4,,
2011,2011-08-04 00:00:00,ATKA24,0.94,-23.9,,
2011,2011-08-19 00:00:00,ATKA03,1.23,-14.6,,
2011,2011-08-19 00:00:00,ATKA07,1.77,-14.7,,
2011,2011-08-19 00:00:00,ATKA11,0.32,-14.8,,
2011,2011-08-19 00:00:00,ATKA16,1.31,-14.7,,
2011,2011-08-19 00:00:00,ATKA21,1.17,-15.4,,
2011,2011-08-19 00:00:00,ATKA24,0.98,-16.8,,
2011,2011-09-07 00:00:00,ATKA03,1.35,-24.1,,
2011,2011-09-14 00:00:00,ATKA03,1.42,-6.8,,
2011,2011-09-14 00:00:00,ATKA07,1.93,-6.8,,
2011,2011-09-14 00:00:00,ATKA11,1.43,-6.9,,
2011,2011-09-14 00:00:00,ATKA16,1.48,-6.9,,
2011,2011-09-14 00:00:00,ATKA21,1.31,-6.8,,
2011,2011-09-14 00:00:00,ATKA24,1.17,-6.8,,
2011,2011-10-09 00:00:00,ATKA03,1.45,-14.0,,
2011,2011-10-09 00:00:00,ATKA07,2.1,-13.9,,
2011,2011-10-09 00:00:00,ATKA11,1.49,-13.2,,
2011,2011-10-09 00:00:00,ATKA16,1.6,-14.1,,
2011,2011-10-09 00:00:00,ATKA21,1.34,-15.5,,
2011,2011-10-09 00:00:00,ATKA24,1.33,-15.2,,
2011,2011-10-30 00:00:00,ATKA03,1.55,,,
2011,2011-10-30 00:00:00,ATKA07,2.2,-15.5,,
2011,2011-10-30 00:00:00,ATKA11,1.51,-15.7,,
2011,2011-10-30 00:00:00,ATKA16,1.67,-12.9,,
2011,2011-10-30 00:00:00,ATKA21,1.43,-13.2,,
2011,2011-10-30 00:00:00,ATKA24,1.43,-12.2,,
2011,2011-11-18 00:00:00,ATKA03,1.68,-6.5,,
2011,2011-11-18 00:00:00,ATKA07,2.27,-5.0,,
2011,2011-11-18 00:00:00,ATKA11,1.57,-5.3,,
2011,2011-11-18 00:00:00,ATKA16,1.8,-6.6,,
2011,2011-11-18 00:00:00,ATKA21,1.51,-6.0,,
2011,2011-11-18 00:00:00,ATKA24,1.53,-6.4,,
2011,2011-12-11 00:00:00,ATKA03,1.65,,,
2011,2011-12-11 00:00:00,ATKA07,2.83,,,
2011,2011-12-11 00:00:00,ATKA11,1.66,,,
2011,2011-12-11 00:00:00,ATKA16,1.69,,,
2011,2011-12-11 00:00:00,ATKA21,1.54,,,
2011,2011-12-11 00:00:00,ATKA24,1.57,,,
2011,2011-12-29 00:00:00,ATKA03,1.73,0.0,,
2011,2011-12-29 00:00:00,ATKA07,1.42,-0.2,,
2011,2011-12-29 00:00:00,ATKA11,1.82,0.2,,
2011,2011-12-29 00:00:00,ATKA16,1.82,0.0,,
2011,2011-12-29 00:00:00,ATKA21,1.66,0.1,,
2011,2011-12-29 00:00:00,ATKA24,1.59,0.1,,
2011,2012-01-17 00:00:00,ATKA03,1.75,-0.7,,
2011,2012-01-17 00:00:00,ATKA07,2.24,-1.9,,
2011,2012-01-17 00:00:00,ATKA11,1.79,-0.3,,
2011,2012-01-17 00:00:00,ATKA16,1.81,-1.2,,
2011,2012-01-17 00:00:00,ATKA21,1.63,-1.5,,
2011,2012-01-17 00:00:00,ATKA24,1.65,-2.9,,
2012,2012-06-14 12:25:00,ATKA03,1.48,,,1.48
2012,2012-06-14 13:13:00,ATKA07,2.0,-29.0,,2.0
2012,2012-06-14 14:00:00,ATKA11,1.49,,,1.49
2012,2012-06-14 15:00:00,ATKA16,0.74,,,0.74
2012,2012-06-16 11:40:00,ATKA11,1.49,,,1.49
2012,2012-06-16 13:27:00,ATKA16,0.74,,,0.74
2012,2012-06-30 17:55:00,ATKA03,1.6,-25.3,,1.6
2012,2012-06-30 16:43:00,ATKA07,1.62,-26.5,,1.62
2012,2012-06-30 15:10:00,ATKA11,1.7,-25.8,,1.7
2012,2012-06-30 14:05:00,ATKA16,1.31,-24.8,,1.31
2012,2012-06-30 13:24:00,ATKA21,0.7,-21.7,0.7,1.4
2012,2012-06-30 12:20:00,ATKA24,0.74,-17.9,,0.74
2012,2012-07-23 10:45:00,ATKA03,1.87,-30.3,,1.87
2012,2012-07-23 11:33:00,ATKA07,1.5,-28.1,,1.5
2012,2012-07-23 12:30:00,ATKA11,1.68,-28.0,,1.68
2012,2012-07-23 13:36:00,ATKA16,1.2,-27.9,,1.2
2012,2012-07-23 14:35:00,ATKA21,0.84,-26.0,,0.84
2012,2012-07-23 00:00:00,ATKA24,0.9,-24.4,,0.9
2012,2012-08-17 12:00:00,ATKA07,1.18,-30.5,1.8,2.98
2012,2012-08-27 11:30:00,ATKA03,2.12,-19.8,2.04,4.16
2012,2012-08-27 13:00:00,ATKA07,2.72,-22.9,1.92,4.640000000000001
2012,2012-09-22 17:00:00,ATKA10,2.85,,,2.85
2012,2012-09-22 16:00:00,ATKA16,1.73,-23.4,,1.73
2012,2012-09-22 15:11:00,ATKA21,1.11,-23.9,,1.11
2012,2012-09-22 13:30:00,ATKA24,1.54,-25.0,0.73,2.27
2012,2012-09-24 14:12:00,ATKA03,2.29,-20.8,,2.29
2012,2012-09-24 15:20:00,ATKA07,2.1,-21.7,,2.1
2012,2012-10-21 10:09:00,ATKA03,2.46,-13.9,3.55,6.01
2012,2012-10-21 11:09:00,ATKA07,2.42,-14.1,4.02,6.4399999999999995
2012,2012-10-21 13:12:00,ATKA11,3.15,-14.6,1.02,4.17
2012,2012-10-21 15:00:00,ATKA16,1.84,-13.3,3.19,5.03
2012,2012-10-21 15:50:00,ATKA21,1.55,-13.4,2.12,3.67
2012,2012-10-21 16:33:00,ATKA24,1.73,-14.0,1.02,2.75
2012,2012-11-07 12:00:00,ATKA11,0.6,,1.3,1.9
2012,2012-11-17 09:15:00,ATKA03,2.62,-6.7,4.11,6.73
2012,2012-11-17 10:25:00,ATKA07,2.8,-5.4,4.96,7.76
2012,2012-11-17 11:27:00,ATKA11,0.51,-5.8,1.33,1.84
2012,2012-11-17 12:38:00,ATKA16,1.9,,3.58,5.48
2012,2012-11-17 13:46:00,ATKA21,1.65,-3.3,3.15,4.8
2012,2012-11-17 14:58:00,ATKA24,1.77,-3.5,1.8,3.5700000000000003
2012,2012-12-13 00:00:00,ATKA03,2.61,,4.99,7.6
2012,2012-12-13 00:00:00,ATKA07,2.54,,6.0,8.54
2012,2012-12-13 00:00:00,ATKA11,0.72,,1.2,1.92
2012,2012-12-13 00:00:00,ATKA16,2.0,,3.75,5.75
2012,2012-12-13 00:00:00,ATKA21,1.7,,4.1,5.8
2012,2012-12-13 00:00:00,ATKA24,1.86,,2.11,3.9699999999999998
2012,2013-01-07 00:00:00,ATKA03,2.62,,4.08,6.7
2012,2013-01-07 00:00:00,ATKA07,2.69,,4.99,7.68
2012,2013-01-07 00:00:00,ATKA11,0.76,,0.5,1.26
2012,2013-01-07 00:00:00,ATKA16,2.0,,4.0,6.0
2012,2013-01-07 00:00:00,ATKA21,1.71,,3.0,4.71
2012,2013-01-07 00:00:00,ATKA24,1.81,,1.66,3.4699999999999998
2012,2013-01-30 00:00:00,ATKA03,2.46,0.0,2.82,5.279999999999999
2012,2013-01-30 00:00:00,ATKA07,2.47,-0.3,4.1,6.57
2013,2013-04-28 00:00:00,ATKA03,2.92,-18.7,4.31,7.2299999999999995
2013,2013-04-28 12:20:00,ATKA07,3.68,-17.4,6.07,9.75
2013,2013-04-28 14:30:00,ATKA11,1.2,-15.9,7.2,8.4
2013,2013-04-28 15:15:00,ATKA16,2.54,-16.5,3.3,5.84
2013,2013-04-28 16:20:00,ATKA21,2.2,-15.8,4.0,6.2
2013,2013-04-28 10:30:00,Buoys,,-18.3,,
2013,2013-05-30 16:30:00,ATKA03,3.05,-20.5,4.8,7.85
2013,2013-05-30 14:30:00,ATKA07,,-20.2,,
2013,2013-05-30 13:45:00,ATKA11,1.7,18.9,,1.7
2013,2013-05-30 15:55:00,ATKA16,2.8,-18.7,3.3,6.1
2013,2013-05-30 11:35:00,ATKA21,2.7,-18.8,4.2,6.9
2013,2013-05-30 10:15:00,ATKA24,2.35,-18.9,2.6,4.95
2013,2013-07-21 12:00:00,ATKA07,3.35,-32.5,8.4,11.75
2013,2013-08-07 09:15:00,ATKA03,,-17.2,,
2013,2013-08-07 10:45:00,ATKA07,,-17.8,,
2013,2013-08-07 16:05:00,ATKA11,,-26.6,,
2013,2013-08-07 12:00:00,ATKA16,,-21.5,,
2013,2013-08-07 14:55:00,ATKA21,,-24.1,,
2013,2013-08-07 13:40:00,ATKA24,,-20.7,,
2013,2013-08-24 12:00:00,ATKA03,,-30.6,,
2013,2013-08-24 10:00:00,ATKA07,,-31.3,,
2013,2013-08-24 15:15:00,ATKA11,,-34.6,,
2013,2013-08-24 10:15:00,ATKA16,,-34.8,,
2013,2013-08-24 13:50:00,ATKA21,,-32.6,,
2013,2013-08-24 11:45:00,ATKA24,,-32.2,,
2013,2013-09-18 13:35:00,ATKA03,,-27.8,,
2013,2013-09-18 12:15:00,ATKA07,,-28.7,,
2013,2013-09-18 15:30:00,ATKA11,,-27.8,,
2013,2013-09-18 09:50:00,ATKA16,,-31.2,,
2013,2013-09-18 14:10:00,ATKA21,,-30.6,,
2013,2013-09-18 11:35:00,ATKA24,,-30.1,,
2013,2013-10-08 11:40:00,ATKA03,,-23.3,,
2013,2013-10-08 13:30:00,ATKA07,,-22.3,,
2013,2013-10-08 15:15:00,ATKA11,,-22.3,,
2013,2013-10-08 15:10:00,ATKA16,,-20.1,,
2013,2013-10-08 16:30:00,ATKA21,,-21.0,,
2013,2013-10-08 17:45:00,ATKA24,,-21.8,,
2013,2013-11-19 09:30:00,ATKA03,,-2.7,,
2013,2013-11-19 18:50:00,ATKA07,,-5.4,,
2013,2013-11-19 10:50:00,ATKA11,,-2.0,,
2013,2013-11-19 18:00:00,ATKA16,,-2.7,,
2013,2013-11-19 12:00:00,ATKA21,,-1.9,,
2013,2013-11-19 13:30:00,ATKA24,,-1.5,,
2013,2013-12-16 19:50:00,ATKA03,,-1.8,,
2013,2013-12-16 21:50:00,ATKA11,,-2.6,,
2013,2013-12-16 22:45:00,ATKA16,,-3.4,,
2013,2013-12-16 23:30:00,ATKA21,,-6.2,,
2013,2013-12-16 00:30:00,ATKA24,,-6.3,,
2013,2014-01-17 14:30:00,ATKA03,,-2.2,,
2013,2014-01-17 16:30:00,ATKA07,,-1.2,,
2013,2014-01-17 16:58:00,ATKA11,,-1.9,,
2013,2014-01-17 00:00:00,ATKA21,,-2.1,,
2013,2014-01-17 00:00:00,ATKA24,,-2.1,,
2014,2014-08-30 09:30:00,ATKA03,1.76,-12.3,2.34,4.1
2014,2014-08-30 11:00:00,ATKA07,4.2,-13.0,2.7,6.9
2014,2014-08-30 14:00:00,ATKA11,1.8,-11.4,2.0,3.8
2014,2014-08-30 15:30:00,ATKA16,1.75,-12.7,3.95,5.7
2014,2014-08-30 16:15:00,ATKA21,1.73,-12.2,4.37,6.1
2014,2014-08-30 17:00:00,ATKA24,1.99,-12.3,2.45,4.44
2014,2014-09-24 09:15:00,ATKA03,,-23.5,,
2014,2014-09-24 10:10:00,ATKA07,,-24.5,,
2014,2014-09-24 11:30:00,ATKA11,,-23.5,,
2014,2014-09-24 12:30:00,ATKA16,,-21.7,,
2014,2014-09-24 13:30:00,ATKA21,,-21.8,,
2014,2014-09-24 14:30:00,ATKA24,,-19.8,,
2014,2014-10-16 11:50:00,ATKA03,2.06,-11.0,4.58,6.640000000000001
2014,2014-10-16 13:15:00,ATKA07,4.5,-12.6,2.45,6.95
2014,2014-10-16 14:25:00,ATKA11,1.9,-13.0,4.4,6.300000000000001
2014,2014-10-16 15:10:00,ATKA16,1.97,-13.2,4.65,6.62
2014,2014-10-16 16:05:00,ATKA21,1.97,-12.6,4.87,6.84
2014,2014-10-16 17:15:00,ATKA24,2.25,-13.9,4.05,6.3
2014,2014-11-19 11:15:00,ATKA03,2.23,-5.3,5.07,7.300000000000001
2014,2014-11-19 12:40:00,ATKA07,,-5.2,,
2014,2014-11-19 13:30:00,ATKA11,2.06,-8.2,5.34,7.4
2014,2014-11-19 14:30:00,ATKA16,2.2,-5.6,4.67,6.87
2014,2014-11-19 15:15:00,ATKA21,2.3,-6.2,4.58,6.88
2014,2014-11-19 16:00:00,ATKA24,2.44,-6.0,4.16,6.6
2014,2014-12-13 15:45:00,ATKA03,1.98,1.9,4.27,6.25
2014,2014-12-13 16:30:00,ATKA07,3.84,0.3,,3.84
2014,2014-12-13 17:35:00,ATKA11,2.1,-1.8,2.55,4.65
2014,2014-12-13 18:00:00,ATKA16,2.2,-3.0,4.7,6.9
2014,2014-12-13 18:40:00,ATKA21,2.25,-2.7,4.33,6.58
2014,2014-12-13 19:15:00,ATKA24,2.39,-3.5,4.81,7.199999999999999
2015,2015-04-01 14:45:00,ATKA07,5.8,-17.8,4.0,9.8
2015,2015-04-21 16:40:00,ATKA03,2.46,-22.6,2.57,5.029999999999999
2015,2015-04-21 14:40:00,ATKA07,2.86,-20.4,,2.86
2015,2015-04-21 13:34:00,ATKA11,2.37,-20.1,2.73,5.1
2015,2015-04-21 12:30:00,ATKA16,3.2,-18.6,0.4,3.6
2015,2015-04-21 11:15:00,ATKA21,2.3,-22.7,1.7,4.0
2015,2015-04-21 10:00:00,ATKA24,2.5,-19.1,1.9,4.4
2015,2015-05-23 10:00:00,ATKA03,,-34.5,,
2015,2015-05-23 11:30:00,ATKA07,,-34.5,,
2015,2015-05-23 15:15:00,ATKA11,,-30.2,,
2015,2015-05-23 13:25:00,ATKA16,,-32.0,,
2015,2015-06-27 10:00:00,ATKA03,,-27.1,,
2015,2015-06-27 12:34:00,ATKA07,,-25.9,,
2015,2015-06-27 14:40:00,ATKA11,,-25.3,,
2015,2015-06-27 15:31:00,ATKA16,,-23.5,,
2015,2015-06-27 16:15:00,ATKA21,,-22.7,,
2015,2015-07-28 09:45:00,ATKA03,,,,
2015,2015-07-28 10:27:00,ATKA07,,,,
2015,2015-07-28 12:20:00,ATKA11,,,,
2015,2015-07-28 13:45:00,ATKA16,,,,
2015,2015-07-28 14:55:00,ATKA21,,,,
2015,2015-07-28 15:55:00,ATKA24,,,,
2015,2015-08-28 09:46:00,ATKA03,,-35.9,,
2015,2015-08-28 10:35:00,ATKA07,,-34.9,,
2015,2015-08-28 12:17:00,ATKA11,,-38.6,,
2015,2015-08-28 13:20:00,ATKA16,,-32.0,,
2015,2015-08-28 14:05:00,ATKA21,,-33.0,,
2015,2015-08-28 14:39:00,ATKA24,,-37.0,,
2015,2015-10-02 09:42:00,ATKA03,,-11.0,,
2015,2015-10-02 10:20:00,ATKA07,,-11.2,,
2015,2015-10-02 11:40:00,ATKA11,,-11.6,,
2015,2015-10-02 12:45:00,ATKA16,,-12.0,,
2015,2015-10-02 13:20:00,ATKA21,,-12.3,,
2015,2015-10-02 14:25:00,ATKA24,,-11.4,,
2015,2015-10-28 09:42:00,ATKA03,,-18.0,,
2015,2015-10-28 10:38:00,ATKA07,,-17.0,,
2015,2015-10-28 12:35:00,ATKA11,,-16.0,,
2015,2015-10-28 13:50:00,ATKA16,,-15.0,,
2015,2015-10-28 13:20:00,ATKA21,,-15.2,,
2015,2015-10-28 15:15:00,ATKA24,,-15.0,,
2015,2015-11-29 08:35:00,ATKA03,,,,
2015,2015-11-29 09:09:00,ATKA07,,,,
2015,2015-11-29 10:20:00,ATKA11,,,,
2015,2015-11-29 14:45:00,ATKA16,,,,
2015,2015-11-29 11:25:00,ATKA21,,,,
2015,2015-11-29 11:54:00,ATKA24,,,,
2015,2016-01-02 13:26:00,ATKA03,,0.0,,
2015,2016-01-02 14:19:00,ATKA07,,0.8,,
2015,2016-01-02 16:16:00,ATKA11,,0.0,,
2015,2016-01-02 17:05:00,ATKA16,,-0.1,,
2015,2016-01-02 18:05:00,ATKA21,,-0.5,,
2015,2016-01-02 18:54:00,ATKA24,,1.6,,
2015,2016-02-04 13:52:00,ATKA03,,-0.2,,
2016,2016-06-07 14:20:00,ATKA03,0.83,-27.0,0.9,1.73
2016,2016-06-07 13:28:00,ATKA11,,-24.1,,
2016,2016-07-12 13:10:00,ATKA03,1.01,-19.9,0.15,1.16
2016,2016-07-12 13:45:00,ATKA07,1.07,-21.8,0.4,1.4700000000000002
2016,2016-07-12 14:35:00,ATKA11,1.24,-23.4,0.92,2.16
2016,2016-07-12 15:10:00,ATKA16,1.07,-24.2,0.68,1.75
2016,2016-07-12 14:00:00,ATKA21,1.26,-17.7,1.2,2.46
2016,2016-07-12 14:50:00,ATKA24,1.25,-18.9,0.89,2.14
2016,2016-08-19 11:10:00,ATKA03,1.4,-20.0,0.1,1.5
2016,2016-08-19 11:45:00,ATKA07,1.43,-19.6,0.37,1.7999999999999998
2016,2016-08-19 12:28:00,ATKA11,1.55,-19.2,1.46,3.01
2016,2016-08-19 13:05:00,ATKA16,1.37,-18.9,1.16,2.5300000000000002
2016,2016-08-19 13:45:00,ATKA21,1.36,-18.7,1.29,2.6500000000000004
2016,2016-09-14 14:18:00,ATKA03,1.57,-17.9,0.13,1.7000000000000002
2016,2016-09-14 15:00:00,ATKA07,1.6,-18.8,0.86,2.46
2016,2016-09-14 15:47:00,ATKA11,1.74,-20.0,1.5,3.24
2016,2016-09-14 16:20:00,ATKA16,1.55,-21.9,1.55,3.1
2016,2016-09-14 17:05:00,ATKA21,1.5,-23.5,1.68,3.1799999999999997
2016,2016-09-14 14:30:00,ATKA24,1.5,-23.5,1.78,3.2800000000000002
2016,2016-10-13 18:30:00,ATKA03,1.21,-14.6,2.97,4.18
2016,2016-10-13 17:45:00,ATKA07,1.47,-13.8,3.1,4.57
2016,2016-10-13 17:05:00,ATKA11,1.68,-14.8,3.0,4.68
2016,2016-10-13 16:20:00,ATKA16,1.77,-14.6,3.0,4.77
2016,2016-10-13 15:40:00,ATKA21,1.66,-14.6,1.44,3.0999999999999996
2016,2016-10-13 15:10:00,ATKA24,1.8,-15.0,0.36,2.16
2016,2016-11-20 18:26:00,ATKA03,2.02,-4.5,3.69,5.71
2016,2016-11-20 17:55:00,ATKA07,1.74,-4.1,4.35,6.09
2016,2016-11-20 17:23:00,ATKA11,2.07,-3.0,4.27,6.34
2016,2016-11-20 16:50:00,ATKA16,2.01,-2.4,4.27,6.279999999999999
2016,2016-11-20 16:15:00,ATKA21,1.76,-1.8,3.49,5.25
2016,2016-11-20 15:35:00,ATKA24,1.86,-1.6,1.69,3.55
2016,2016-12-08 18:15:00,ATKA03,2.39,-3.0,3.67,6.0600000000000005
2016,2016-12-08 17:38:00,ATKA07,1.85,-3.1,4.56,6.41
2016,2016-12-08 16:55:00,ATKA11,2.38,-2.8,5.62,8.0
2016,2016-12-08 16:26:00,ATKA16,2.05,-2.9,3.17,5.22
2016,2016-12-08 15:45:00,ATKA21,1.87,-2.5,3.71,5.58
2016,2016-12-08 15:00:00,ATKA24,1.8,-1.8,1.58,3.38
2016,2016-12-22 16:45:00,ATKA03,1.86,-0.3,3.26,5.12
2017,2017-05-08 13:54:00,Shelf100,3.06,-32.0,,3.06
2017,2017-05-08 14:39:00,Shelf200,0.55,-31.9,0.19,0.74
2017,2017-05-08 14:58:00,Shelf300,0.76,-32.3,,0.76
2017,2017-05-08 15:22:00,Shelf400,0.68,-32.3,,0.68
2017,2017-05-08 15:44:00,Shelf500,0.7,-31.3,0.09,0.7899999999999999
2017,2017-05-08 16:10:00,Shelf1000,0.61,-30.6,,0.61
2017,2017-05-12 16:35:00,Shelf200,0.7,-11.6,0.36,1.06
2017,2017-05-12 16:25:00,Shelf300,0.64,-11.7,0.33,0.97
2017,2017-05-12 16:13:00,Shelf400,0.56,-11.6,0.33,0.8900000000000001
2017,2017-05-12 16:05:00,Shelf500,0.7,-11.6,0.23,0.9299999999999999
2017,2017-05-12 15:50:00,Shelf1000,0.62,-10.5,0.05,0.67
2017,2017-05-18 15:25:00,Atka03,1.8,-21.1,0.62,2.42
2017,2017-05-18 13:20:00,Atka07,0.73,-21.5,0.1,0.83
2017,2017-05-18 18:03:00,Shelf100,3.83,-25.1,0.6,4.43
2017,2017-05-18 17:52:00,Shelf200,0.73,-25.6,0.63,1.3599999999999999
2017,2017-05-18 17:32:00,Shelf300,0.61,-24.4,0.49,1.1
2017,2017-05-18 17:13:00,Shelf400,0.59,-25.2,0.53,1.12
2017,2017-05-18 16:57:00,Shelf500,0.77,-25.3,0.42,1.19
2017,2017-05-18 16:38:00,Shelf1000,0.69,-24.4,0.39,1.08
2017,2017-05-30 19:14:00,ATKA03,1.06,-12.3,0.5,1.56
2017,2017-05-30 16:55:00,ATKA07,0.79,-14.6,0.22,1.01
2017,2017-05-30 15:38:00,ATKA11,0.76,-14.7,0.02,0.78
2017,2017-05-30 13:19:00,ATKA16,0.64,-14.4,0.14,0.78
2017,2017-05-30 14:50:00,ATKA21,0.82,-14.6,-0.03,0.7899999999999999
2017,2017-05-30 14:16:00,ATKA24,0.7,-14.9,0.79,1.49
2017,2017-05-30 16:55:00,Buoys,0.8,-14.6,0.17,0.9700000000000001
2017,2017-06-12 16:45:00,ATKA03,1.02,,0.02,1.04
2017,2017-06-12 18:00:00,ATKA07,1.06,,0.1,1.1600000000000001
2017,2017-06-12 19:10:00,Shelf200,0.8,,1.0,1.8
2017,2017-06-18 13:31:00,ATKA07,1.11,-24.4,0.12,1.23
2017,2017-06-18 12:40:00,ATKA11,0.8,-25.4,0.17,0.9700000000000001
2017,2017-06-18 11:56:00,ATKA16,0.86,-24.4,0.3,1.16
2017,2017-06-18 11:15:00,ATKA21,0.89,-25.1,0.42,1.31
2017,2017-06-18 10:39:00,ATKA24,0.88,-23.6,0.03,0.91
2017,2017-06-19 07:13:00,ATKA03,1.12,-19.6,0.2,1.32
2017,2017-07-14 14:00:00,Shelf1000,1.23,-33.4,1.79,3.02
2017,2017-07-17 11:30:00,Shelf200,1.18,-27.3,2.34,3.5199999999999996
2017,2017-07-17 11:02:00,Shelf300,1.06,-26.5,1.55,2.6100000000000003
2017,2017-07-17 10:47:00,Shelf400,1.1,-26.5,1.34,2.4400000000000004
2017,2017-07-17 10:30:00,Shelf500,1.3,-26.2,1.91,3.21
2017,2017-07-17 10:15:00,Shelf1000,1.21,-25.7,1.75,2.96
2017,2017-07-20 15:00:00,ATKA03,1.35,-24.0,0.21,1.56
2017,2017-07-20 13:55:00,ATKA07,1.34,-24.7,0.46,1.8
2017,2017-07-20 13:00:00,ATKA11,1.07,-24.1,0.32,1.3900000000000001
2017,2017-07-20 12:29:00,ATKA16,1.15,-24.2,0.9,2.05
2017,2017-07-20 11:48:00,ATKA21,1.17,-25.3,2.03,3.1999999999999997
2017,2017-07-20 10:43:00,ATKA24,1.2,-25.2,0.64,1.8399999999999999
2017,2017-08-08 09:45:00,Shelf200,1.2,-21.4,4.14,5.34
2017,2017-08-08 10:05:00,Shelf300,1.1,-20.5,3.09,4.1899999999999995
2017,2017-08-08 10:20:00,Shelf400,1.18,-20.6,3.09,4.27
2017,2017-08-08 10:38:00,Shelf500,1.42,-20.5,2.7,4.12
2017,2017-08-08 10:58:00,Shelf1000,1.34,-20.6,2.56,3.9000000000000004
2017,2017-08-17 17:40:00,ATKA03,1.47,-37.1,1.96,3.4299999999999997
2017,2017-08-17 15:30:00,ATKA07,1.41,-31.9,1.95,3.36
2017,2017-08-17 14:35:00,ATKA11,1.77,-33.8,1.06,2.83
2017,2017-08-17 13:35:00,ATKA16,1.27,-31.6,1.0,2.27
2017,2017-08-17 12:45:00,ATKA21,1.37,-29.9,1.3,2.67
2017,2017-08-17 11:05:00,ATKA24,1.44,-28.8,0.63,2.07
2017,2017-09-20 16:05:00,Shelf200,2.14,-30.8,4.27,6.41
2017,2017-09-20 15:35:00,Shelf300,1.27,-30.3,4.76,6.029999999999999
2017,2017-09-20 14:53:00,Shelf400,1.35,-29.0,4.37,5.720000000000001
2017,2017-09-20 16:40:00,Shelf500,2.11,-30.3,3.99,6.1
2017,2017-09-20 17:05:00,Shelf1000,1.51,-30.7,3.62,5.13
2017,2017-09-21 17:15:00,ATKA03,1.63,-25.8,0.73,2.36
2017,2017-09-21 15:43:00,ATKA07,1.59,-26.6,1.72,3.31
2017,2017-09-21 14:45:00,ATKA11,1.1,-27.1,3.17,4.27
2017,2017-09-21 14:10:00,ATKA16,1.58,-27.0,1.3,2.88
2017,2017-09-21 13:30:00,ATKA21,1.57,-26.4,1.5,3.0700000000000003
2017,2017-09-21 12:40:00,ATKA24,1.61,-25.4,0.69,2.3
2017,2017-10-25 15:25:00,ATKA03,1.74,-12.4,1.18,2.92
2017,2017-10-25 13:00:00,ATKA07,1.48,,3.99,5.470000000000001
2017,2017-10-25 12:50:00,ATKA11,2.14,-14.1,3.29,5.43
2017,2017-10-25 12:06:00,ATKA16,1.67,-15.5,2.56,4.23
2017,2017-10-25 11:25:00,ATKA21,1.69,-15.2,2.33,4.02
2017,2017-10-25 10:35:00,ATKA24,1.94,-14.8,1.46,3.4
2017,2017-10-27 16:55:00,Shelf200,2.42,-8.8,11.1,13.52
2017,2017-10-27 16:50:00,Shelf300,1.46,-8.7,12.33,13.79
2017,2017-10-27 16:10:00,Shelf400,1.95,-8.9,12.46,14.41
2017,2017-10-27 15:39:00,Shelf500,1.93,-9.1,7.0,8.93
2017,2017-10-27 15:24:00,Shelf1000,1.66,-8.6,4.48,6.140000000000001
2017,2017-11-20 12:34:00,ATKA03,1.82,-6.1,2.23,4.05
2017,2017-11-20 14:20:00,ATKA11,2.27,-5.8,5.2,7.470000000000001
2017,2017-11-20 15:10:00,ATKA16,1.72,-5.0,5.32,7.04
2017,2017-11-20 16:10:00,ATKA21,1.81,-5.9,4.05,5.859999999999999
2017,2017-11-20 17:05:00,ATKA24,1.77,-6.1,2.35,4.12
2017,2017-12-24 09:10:00,ATKA03,1.99,-1.5,1.17,3.16
2017,2017-12-24 10:50:00,ATKA11,2.39,-0.4,5.87,8.26
2017,2017-12-24 12:00:00,ATKA16,1.76,0.0,3.05,4.81
2017,2017-12-24 12:45:00,ATKA21,1.89,2.6,3.93,5.82
2017,2017-12-24 13:45:00,ATKA24,1.91,3.0,2.46,4.37
2018,2018-06-13 14:30:00,ATKA03-2018,0.83,-33.1,0.1,0.9299999999999999
2018,2018-06-13 15:47:00,ATKA07-2018,0.81,-36.9,0.17,0.9800000000000001
2018,2018-07-21 10:54:00,ATKA03-2018,1.18,-19.8,0.35,1.5299999999999998
2018,2018-07-21 11:42:00,ATKA07-2018,1.05,-19.2,0.52,1.57
2018,2018-07-21 14:40:00,ATKA16-2018,0.89,-19.1,0.87,1.76
2018,2018-07-21 14:15:00,ATKA21-2018,0.92,-22.2,1.8,2.72
2018,2018-07-21 13:40:00,ATKA24-2018,0.96,-18.7,0.57,1.5299999999999998
2018,2018-07-26 15:40:00,ATKA11-2018,1.17,-28.8,0.56,1.73
2018,2018-08-16 15:00:00,ATKA03-2018,1.48,-26.7,0.84,2.32
2018,2018-08-16 14:10:00,ATKA07-2018,1.2,-28.7,1.39,2.59
2018,2018-08-16 13:30:00,ATKA11-2018,1.32,-27.2,1.17,2.49
2018,2018-08-16 12:16:00,ATKA16-2018,1.04,-28.2,1.19,2.23
2018,2018-08-16 11:31:00,ATKA21-2018,1.06,-27.4,2.22,3.2800000000000002
2018,2018-08-16 10:46:00,ATKA24-2018,1.2,-23.4,0.78,1.98
2018,2018-09-19 10:45:00,ATKA03-2018,1.73,-18.9,1.02,2.75
2018,2018-09-19 11:22:00,ATKA07-2018,1.37,-16.7,1.71,3.08
2018,2018-09-19 11:55:00,ATKA11-2018,1.56,-17.9,1.2,2.76
2018,2018-09-19 12:27:00,ATKA16-2018,1.2,-16.6,1.57,2.77
2018,2018-09-19 12:59:00,ATKA21-2018,1.26,-15.0,2.02,3.2800000000000002
2018,2018-09-19 13:30:00,ATKA24-2018,1.53,-15.2,0.85,2.38
2018,2018-10-11 10:07:00,ATKA03-2018,1.87,-24.5,1.13,3.0
2018,2018-10-11 10:47:00,ATKA07-2018,1.49,-23.7,2.41,3.9000000000000004
2018,2018-10-11 11:29:00,ATKA11-2018,1.59,-23.9,2.03,3.62
2018,2018-10-18 12:15:00,ATKA16-2018,1.35,,1.6,2.95
2018,2018-10-18 11:30:00,ATKA21-2018,1.33,,3.15,4.48
2018,2018-10-18 10:53:00,ATKA24-2018,1.73,-17.4,0.79,2.52
2018,2018-11-16 10:15:00,ATKA03-2018,1.87,-11.5,3.6,5.470000000000001
2018,2018-11-16 11:20:00,ATKA07-2018,1.53,-10.0,3.41,4.94
2018,2018-11-16 12:10:00,ATKA11-2018,1.48,-8.2,2.99,4.470000000000001
2018,2018-11-16 12:57:00,ATKA16-2018,1.5,-8.2,2.35,3.85
2018,2018-11-16 13:50:00,ATKA21-2018,1.53,-8.7,3.25,4.78
2018,2018-11-16 14:30:00,ATKA24-2018,1.83,-8.6,1.34,3.17
2018,2018-12-07 13:22:00,ATKA03-2018,1.96,-2.2,2.27,4.23
2018,2018-12-07 12:37:00,ATKA07-2018,1.65,-0.5,3.86,5.51
2018,2018-12-07 11:59:00,ATKA11-2018,1.78,-1.5,3.85,5.63
2018,2018-12-07 11:30:00,ATKA16-2018,1.57,-2.0,2.49,4.0600000000000005
2018,2018-12-07 10:58:00,ATKA21-2018,1.6,-3.8,3.62,5.220000000000001
2018,2018-12-07 10:28:00,ATKA24-2018,1.88,-2.2,1.67,3.55
2018,2018-12-30 10:10:00,ATKA03-2018,2.16,,2.41,4.57
2018,2018-12-30 11:23:00,ATKA07-2018,1.72,,3.84,5.56
2018,2018-12-30 12:18:00,ATKA11-2018,1.86,,3.16,5.0200000000000005
2018,2018-12-30 13:00:00,ATKA16-2018,1.52,,2.33,3.85
2018,2018-12-30 13:45:00,ATKA21-2018,1.7,,4.3,6.0
2018,2018-12-30 14:40:00,ATKA24-2018,2.0,,1.95,3.95
